DateTime,Status,Username,IP,Port
2025-07-10 21:00:00,Failed,ubuntu,172.31.200.99,44898
2025-07-10 08:00:00,Failed,ubuntu,93.174.95.106,25750
2025-07-10 05:00:00,Failed,ubuntu,10.255.0.1,47873
2025-07-09 15:00:00,Accepted,test,37.221.66.42,31974
2025-07-06 19:00:00,Failed,root,141.98.11.222,55471
2025-07-09 02:00:00,Failed,user,162.155.113.54,8098
2025-07-05 01:00:00,Failed,admin,71.6.146.185,24011
2025-07-08 07:00:00,Accepted,admin,104.234.53.52,39112
2025-07-06 22:00:00,Failed,test,71.6.146.185,47164
2025-07-07 12:00:00,Failed,guest,17.241.75.208,4445
2025-07-05 14:00:00,Failed,test2,10.45.67.89,6221
2025-07-09 07:00:00,Failed,test2,172.19.12.42,43196
2025-07-04 21:00:00,Failed,test2,172.31.200.99,46995
2025-07-07 09:00:00,Failed,admin,10.10.10.10,21954
2025-07-10 09:00:00,Failed,admin,10.3.3.3,51446
2025-07-06 08:00:00,Failed,root,93.174.95.106,50561
2025-07-06 18:00:00,Failed,admin,10.10.10.10,43916
2025-07-07 07:00:00,Failed,admin,162.155.113.54,8020
2025-07-09 02:00:00,Accepted,ubuntu,1.1.1.1,1968
2025-07-10 08:00:00,Failed,test,10.3.3.3,15735
2025-07-09 22:00:00,Failed,test2,162.155.113.54,11274
2025-07-09 18:00:00,Failed,guest,10.255.0.1,7488
2025-07-09 15:00:00,Failed,root,8.8.8.8,23158
2025-07-08 14:00:00,Failed,admin,170.205.31.167,4661
2025-07-08 05:00:00,Accepted,root,170.205.31.167,64643
2025-07-06 19:00:00,Failed,test2,93.174.95.106,16442
2025-07-05 12:00:00,Failed,user,172.29.100.100,50874
2025-07-08 18:00:00,Failed,admin,203.0.113.5,7876
2025-07-06 06:00:00,Accepted,admin,1.1.1.1,45515
2025-07-07 10:00:00,Failed,admin,10.3.3.3,16689
2025-07-06 04:00:00,Failed,admin,71.6.146.185,35727
2025-07-10 18:00:00,Failed,user,17.241.75.208,40825
2025-07-08 09:00:00,Failed,ubuntu,10.8.1.230,40545
2025-07-08 09:00:00,Failed,user,10.8.1.230,64799
2025-07-09 00:00:00,Failed,root,10.255.0.1,40953
2025-07-10 18:00:00,Accepted,guest,10.45.67.89,50107
2025-07-08 15:00:00,Accepted,guest,104.234.53.52,41428
2025-07-05 16:00:00,Failed,test2,1.1.1.1,43163
2025-07-05 21:00:00,Failed,test2,17.241.75.208,53208
2025-07-04 02:00:00,Failed,ubuntu,165.232.174.130,6309
2025-07-06 00:00:00,Failed,admin,66.240.205.34,24004
2025-07-04 04:00:00,Failed,admin,104.234.53.52,32353
2025-07-04 21:00:00,Failed,guest,37.221.66.42,54840
2025-07-05 11:00:00,Failed,ubuntu,17.241.75.208,1873
2025-07-06 06:00:00,Failed,test2,1.1.1.1,23454
2025-07-04 19:00:00,Failed,guest,10.10.10.10,49787
2025-07-07 10:00:00,Failed,root,10.3.3.3,43720
2025-07-05 11:00:00,Accepted,admin,172.16.250.10,60707
2025-07-05 07:00:00,Failed,test,10.3.3.3,15696
2025-07-09 21:00:00,Failed,ubuntu,8.8.8.8,15910
2025-07-06 11:00:00,Failed,user,10.45.67.89,20877
2025-07-09 16:00:00,Failed,test,172.31.200.99,21951
2025-07-04 20:00:00,Failed,admin,165.232.174.130,32934
2025-07-09 00:00:00,Failed,ubuntu,10.45.67.89,8304
2025-07-06 23:00:00,Failed,user,10.45.67.89,26648
2025-07-04 20:00:00,Failed,test,172.20.14.5,57491
2025-07-10 03:00:00,Failed,root,71.6.146.185,29246
2025-07-08 12:00:00,Failed,root,162.155.113.54,42683
2025-07-10 14:00:00,Accepted,test2,162.155.113.54,38499
2025-07-04 03:00:00,Failed,admin,93.174.95.106,62030
2025-07-06 11:00:00,Failed,test2,165.232.174.130,63614
2025-07-05 11:00:00,Accepted,test,17.241.75.208,3638
2025-07-07 07:00:00,Failed,test,10.8.1.230,52674
2025-07-08 23:00:00,Accepted,test2,10.3.3.3,34611
2025-07-08 00:00:00,Accepted,guest,141.98.11.222,31268
2025-07-06 05:00:00,Failed,test2,172.29.100.100,28744
2025-07-09 07:00:00,Accepted,guest,104.234.53.52,23951
2025-07-10 04:00:00,Failed,test2,93.174.95.106,58210
2025-07-05 12:00:00,Failed,admin,172.19.12.42,46206
2025-07-10 14:00:00,Failed,test2,165.232.174.130,5035
2025-07-10 04:00:00,Accepted,root,93.174.95.106,50225
2025-07-10 13:00:00,Failed,test2,37.221.66.42,38477
2025-07-08 03:00:00,Failed,user,104.234.53.52,25051
2025-07-10 11:00:00,Failed,ubuntu,8.8.8.8,13629
2025-07-07 09:00:00,Failed,guest,203.0.113.5,58495
2025-07-08 18:00:00,Failed,guest,10.45.67.89,2797
2025-07-07 14:00:00,Failed,guest,10.10.10.10,11010
2025-07-05 12:00:00,Failed,test,172.29.100.100,25347
2025-07-08 03:00:00,Accepted,root,172.31.200.99,23917
2025-07-09 11:00:00,Failed,user,10.10.10.10,37140
2025-07-10 06:00:00,Failed,root,172.16.250.10,48079
2025-07-09 22:00:00,Failed,root,93.174.95.106,40738
2025-07-06 13:00:00,Failed,test,104.234.53.52,1199
2025-07-05 16:00:00,Failed,guest,10.8.1.230,56394
2025-07-05 21:00:00,Failed,root,162.155.113.54,25875
2025-07-09 03:00:00,Accepted,test,203.0.113.5,27982
2025-07-07 18:00:00,Accepted,guest,71.6.146.185,49238
2025-07-06 16:00:00,Accepted,ubuntu,172.19.12.42,42747
2025-07-05 07:00:00,Failed,test,17.241.75.208,38491
2025-07-10 14:00:00,Failed,ubuntu,172.16.250.10,3552
2025-07-07 05:00:00,Failed,test,170.205.31.167,15313
2025-07-06 12:00:00,Failed,test,162.155.113.54,3429
2025-07-07 03:00:00,Failed,guest,170.205.31.167,4964
2025-07-08 00:00:00,Accepted,test,93.174.95.106,5844
2025-07-07 03:00:00,Failed,root,104.234.53.52,10618
2025-07-07 20:00:00,Failed,admin,71.6.146.185,15023
2025-07-07 05:00:00,Failed,root,10.3.3.3,40127
2025-07-05 18:00:00,Failed,guest,104.234.53.52,15036
2025-07-09 23:00:00,Failed,ubuntu,172.16.250.10,3988
2025-07-07 00:00:00,Failed,test2,141.98.11.222,20974
2025-07-06 00:00:00,Accepted,ubuntu,71.6.146.185,64646
2025-07-04 18:00:00,Failed,user,10.45.67.89,18532
2025-07-10 01:00:00,Failed,test2,10.10.10.10,23626
2025-07-08 20:00:00,Failed,user,172.19.12.42,32143
2025-07-07 16:00:00,Failed,root,8.8.8.8,42122
2025-07-05 10:00:00,Failed,user,17.241.75.208,49075
2025-07-05 06:00:00,Failed,test2,10.8.1.230,64704
2025-07-06 08:00:00,Failed,ubuntu,172.20.14.5,3810
2025-07-06 23:00:00,Failed,admin,1.1.1.1,54712
2025-07-09 03:00:00,Failed,guest,10.45.67.89,17078
2025-07-09 07:00:00,Failed,user,66.240.205.34,33453
2025-07-10 01:00:00,Failed,admin,10.8.1.230,21735
2025-07-06 14:00:00,Failed,ubuntu,162.155.113.54,32466
2025-07-07 13:00:00,Failed,guest,10.10.10.10,30340
2025-07-05 14:00:00,Accepted,admin,170.205.31.167,63473
2025-07-06 04:00:00,Accepted,user,170.205.31.167,52922
2025-07-04 16:00:00,Failed,test2,172.20.14.5,50488
2025-07-04 11:00:00,Failed,test,172.29.100.100,49294
2025-07-07 21:00:00,Failed,user,165.232.174.130,35640
2025-07-05 16:00:00,Failed,guest,10.3.3.3,38595
2025-07-08 01:00:00,Accepted,guest,8.8.8.8,60004
2025-07-10 09:00:00,Failed,user,10.45.67.89,38906
2025-07-06 04:00:00,Accepted,test,170.205.31.167,7511
2025-07-07 06:00:00,Accepted,test2,10.45.67.89,5391
2025-07-10 19:00:00,Failed,guest,172.19.12.42,38717
2025-07-10 09:00:00,Accepted,user,93.174.95.106,10252
2025-07-05 10:00:00,Failed,test2,141.98.11.222,32305
2025-07-08 07:00:00,Failed,ubuntu,66.240.205.34,10418
2025-07-07 13:00:00,Failed,test2,104.234.53.52,26275
2025-07-05 21:00:00,Accepted,root,165.232.174.130,64757
2025-07-06 20:00:00,Failed,root,170.205.31.167,63369
2025-07-06 15:00:00,Failed,admin,172.16.250.10,40309
2025-07-09 18:00:00,Failed,test,93.174.95.106,30425
2025-07-06 17:00:00,Failed,test,10.8.1.230,48676
2025-07-04 09:00:00,Failed,guest,10.8.1.230,48706
2025-07-08 06:00:00,Failed,test,172.31.200.99,3578
2025-07-08 18:00:00,Failed,test2,71.6.146.185,56071
2025-07-08 11:00:00,Failed,test2,10.3.3.3,17782
2025-07-04 13:00:00,Failed,test2,10.8.1.230,60359
2025-07-08 19:00:00,Accepted,user,141.98.11.222,63578
2025-07-07 11:00:00,Failed,test,172.16.250.10,44394
2025-07-06 05:00:00,Failed,admin,170.205.31.167,7925
2025-07-09 01:00:00,Failed,guest,172.16.250.10,50592
2025-07-09 11:00:00,Accepted,test,172.29.100.100,7776
2025-07-09 14:00:00,Accepted,test2,10.255.0.1,55817
2025-07-09 08:00:00,Failed,guest,172.20.14.5,4151
2025-07-10 04:00:00,Failed,ubuntu,10.255.0.1,32460
2025-07-08 07:00:00,Failed,test,165.232.174.130,26076
2025-07-09 06:00:00,Failed,root,37.221.66.42,20086
2025-07-05 06:00:00,Failed,ubuntu,10.10.10.10,1574
2025-07-10 08:00:00,Failed,test,172.16.250.10,34428
2025-07-08 02:00:00,Accepted,user,8.8.8.8,17877
2025-07-05 01:00:00,Failed,root,66.240.205.34,2917
2025-07-09 01:00:00,Failed,admin,93.174.95.106,40690
2025-07-07 16:00:00,Failed,test2,141.98.11.222,49312
2025-07-04 07:00:00,Failed,admin,165.232.174.130,3944
2025-07-05 00:00:00,Failed,root,1.1.1.1,26155
2025-07-05 00:00:00,Failed,ubuntu,141.98.11.222,52848
2025-07-05 10:00:00,Failed,test,165.232.174.130,64919
2025-07-08 16:00:00,Failed,test,71.6.146.185,46728
2025-07-06 15:00:00,Failed,guest,10.8.1.230,17238
2025-07-04 00:00:00,Failed,test,66.240.205.34,34031
2025-07-10 00:00:00,Failed,admin,37.221.66.42,51923
2025-07-04 11:00:00,Accepted,admin,37.221.66.42,26786
2025-07-07 10:00:00,Failed,root,172.20.14.5,27560
2025-07-08 04:00:00,Failed,ubuntu,71.6.146.185,56248
2025-07-04 13:00:00,Failed,ubuntu,172.29.100.100,28665
2025-07-07 18:00:00,Failed,guest,10.10.10.10,28707
2025-07-07 08:00:00,Failed,user,1.1.1.1,45057
2025-07-06 08:00:00,Failed,user,172.20.14.5,10302
2025-07-08 10:00:00,Failed,user,104.234.53.52,22843
2025-07-09 08:00:00,Failed,user,162.155.113.54,1764
2025-07-05 19:00:00,Failed,ubuntu,165.232.174.130,35696
2025-07-04 10:00:00,Failed,admin,66.240.205.34,11400
2025-07-05 00:00:00,Failed,root,203.0.113.5,62475
2025-07-07 07:00:00,Failed,user,10.255.0.1,45463
2025-07-10 17:00:00,Failed,root,93.174.95.106,25442
2025-07-09 03:00:00,Failed,admin,93.174.95.106,28652
2025-07-07 17:00:00,Failed,guest,162.155.113.54,15215
2025-07-10 07:00:00,Failed,test,10.10.10.10,55028
2025-07-05 02:00:00,Accepted,admin,141.98.11.222,59807
2025-07-06 15:00:00,Failed,ubuntu,172.20.14.5,1330
2025-07-06 13:00:00,Failed,ubuntu,172.20.14.5,50668
2025-07-04 00:00:00,Accepted,admin,172.31.200.99,39275
2025-07-07 01:00:00,Failed,ubuntu,170.205.31.167,24123
2025-07-04 01:00:00,Failed,test2,104.234.53.52,54060
2025-07-10 13:00:00,Failed,user,104.234.53.52,43413
2025-07-09 17:00:00,Failed,user,165.232.174.130,34583
2025-07-10 01:00:00,Failed,guest,162.155.113.54,59134
2025-07-10 17:00:00,Accepted,ubuntu,17.241.75.208,54134
2025-07-08 05:00:00,Accepted,admin,71.6.146.185,18991
2025-07-08 22:00:00,Failed,test2,10.255.0.1,14847
2025-07-08 07:00:00,Failed,ubuntu,37.221.66.42,38652
2025-07-05 00:00:00,Failed,ubuntu,66.240.205.34,13779
2025-07-10 11:00:00,Failed,guest,172.29.100.100,49103
2025-07-08 20:00:00,Failed,guest,10.255.0.1,62702
2025-07-05 03:00:00,Failed,test,165.232.174.130,1243
2025-07-09 01:00:00,Failed,admin,165.232.174.130,24355
2025-07-10 08:00:00,Failed,test,93.174.95.106,29291
2025-07-06 10:00:00,Failed,guest,10.3.3.3,11748
2025-07-06 16:00:00,Failed,admin,10.3.3.3,49272
2025-07-05 10:00:00,Failed,guest,10.10.10.10,9367
2025-07-09 05:00:00,Failed,test2,165.232.174.130,4562
2025-07-04 09:00:00,Failed,root,141.98.11.222,43613
2025-07-04 08:00:00,Accepted,test,170.205.31.167,57776
2025-07-08 22:00:00,Failed,guest,162.155.113.54,10221
2025-07-07 08:00:00,Failed,root,172.20.14.5,63321
2025-07-08 08:00:00,Failed,test2,10.45.67.89,47370
2025-07-05 08:00:00,Failed,ubuntu,165.232.174.130,24532
2025-07-09 04:00:00,Failed,user,10.3.3.3,21809
2025-07-05 04:00:00,Failed,test,141.98.11.222,54742
2025-07-06 00:00:00,Failed,ubuntu,71.6.146.185,8738
2025-07-04 14:00:00,Failed,test2,93.174.95.106,13541
2025-07-04 05:00:00,Failed,test2,10.8.1.230,9186
2025-07-05 16:00:00,Failed,user,172.20.14.5,57452
2025-07-05 15:00:00,Failed,test2,10.45.67.89,33425
2025-07-10 05:00:00,Failed,test,10.3.3.3,40229
2025-07-07 05:00:00,Failed,user,172.31.200.99,55865
2025-07-10 10:00:00,Failed,root,37.221.66.42,37415
2025-07-06 22:00:00,Failed,ubuntu,172.20.14.5,53265
2025-07-05 12:00:00,Failed,test,10.8.1.230,45212
2025-07-05 10:00:00,Failed,root,71.6.146.185,27481
2025-07-05 22:00:00,Failed,test2,104.234.53.52,31030
2025-07-06 09:00:00,Accepted,admin,10.3.3.3,28196
2025-07-07 14:00:00,Failed,guest,172.20.14.5,21377
2025-07-04 21:00:00,Failed,root,1.1.1.1,45402
2025-07-09 02:00:00,Failed,test2,172.29.100.100,4617
2025-07-09 23:00:00,Failed,test2,172.16.250.10,13045
2025-07-04 00:00:00,Accepted,root,172.20.14.5,50357
2025-07-05 07:00:00,Failed,test,1.1.1.1,62210
2025-07-07 02:00:00,Failed,ubuntu,141.98.11.222,63807
2025-07-05 10:00:00,Failed,user,141.98.11.222,47941
2025-07-04 17:00:00,Failed,root,104.234.53.52,9453
2025-07-05 04:00:00,Failed,user,104.234.53.52,46507
2025-07-09 12:00:00,Failed,root,8.8.8.8,50244
2025-07-05 16:00:00,Failed,root,71.6.146.185,36465
2025-07-07 23:00:00,Accepted,guest,203.0.113.5,40590
2025-07-05 16:00:00,Accepted,ubuntu,93.174.95.106,61717
2025-07-10 17:00:00,Failed,test2,162.155.113.54,22972
2025-07-07 12:00:00,Failed,guest,17.241.75.208,14099
2025-07-08 15:00:00,Failed,test,170.205.31.167,17184
2025-07-05 21:00:00,Failed,user,93.174.95.106,12633
2025-07-07 13:00:00,Failed,ubuntu,170.205.31.167,19080
2025-07-04 17:00:00,Failed,guest,71.6.146.185,35176
2025-07-06 18:00:00,Failed,admin,104.234.53.52,35240
2025-07-10 06:00:00,Failed,guest,172.20.14.5,26844
2025-07-10 06:00:00,Failed,guest,10.3.3.3,10488
2025-07-05 15:00:00,Failed,root,37.221.66.42,23549
2025-07-04 10:00:00,Failed,ubuntu,172.16.250.10,58911
2025-07-04 10:00:00,Failed,test,10.10.10.10,56687
2025-07-06 18:00:00,Failed,root,104.234.53.52,10033
2025-07-10 23:00:00,Failed,root,10.10.10.10,26568
2025-07-10 13:00:00,Failed,root,71.6.146.185,46768
2025-07-06 06:00:00,Failed,ubuntu,165.232.174.130,36187
2025-07-04 15:00:00,Failed,test,172.16.250.10,51262
2025-07-05 11:00:00,Failed,root,66.240.205.34,1979
2025-07-05 22:00:00,Accepted,guest,71.6.146.185,27112
2025-07-05 15:00:00,Failed,admin,172.31.200.99,24049
2025-07-08 07:00:00,Failed,admin,8.8.8.8,21397
2025-07-08 21:00:00,Failed,ubuntu,172.19.12.42,31996
2025-07-04 13:00:00,Failed,guest,162.155.113.54,64829
2025-07-09 23:00:00,Failed,test2,162.155.113.54,4260
2025-07-06 07:00:00,Failed,user,172.19.12.42,17746
2025-07-07 12:00:00,Failed,root,170.205.31.167,31037
2025-07-08 01:00:00,Failed,user,37.221.66.42,10839
2025-07-05 06:00:00,Failed,ubuntu,10.8.1.230,16842
2025-07-08 02:00:00,Accepted,test2,162.155.113.54,11430
2025-07-10 20:00:00,Accepted,guest,162.155.113.54,15664
2025-07-05 02:00:00,Failed,guest,172.29.100.100,39672
2025-07-10 14:00:00,Accepted,user,66.240.205.34,4010
2025-07-08 06:00:00,Failed,guest,93.174.95.106,31847
2025-07-09 07:00:00,Failed,root,10.255.0.1,8193
2025-07-06 13:00:00,Failed,user,203.0.113.5,55556
2025-07-07 09:00:00,Failed,test,93.174.95.106,28654
2025-07-06 13:00:00,Failed,admin,172.19.12.42,13409
2025-07-08 20:00:00,Failed,guest,170.205.31.167,25353
2025-07-05 08:00:00,Failed,test,8.8.8.8,56096
2025-07-08 00:00:00,Accepted,admin,37.221.66.42,62936
2025-07-09 04:00:00,Failed,root,37.221.66.42,26762
2025-07-05 05:00:00,Failed,test2,93.174.95.106,54358
2025-07-06 23:00:00,Failed,test,10.255.0.1,20264
2025-07-08 21:00:00,Failed,guest,8.8.8.8,55851
2025-07-09 18:00:00,Failed,test2,203.0.113.5,64442
2025-07-06 03:00:00,Failed,guest,104.234.53.52,30097
2025-07-06 05:00:00,Failed,guest,10.255.0.1,34970
2025-07-07 20:00:00,Failed,test,37.221.66.42,52480
2025-07-06 08:00:00,Failed,root,172.19.12.42,30429
2025-07-06 09:00:00,Failed,test2,172.20.14.5,4111
2025-07-10 17:00:00,Accepted,root,10.8.1.230,2192
2025-07-04 16:00:00,Failed,ubuntu,172.31.200.99,8300
2025-07-04 00:00:00,Accepted,admin,10.8.1.230,45803
2025-07-07 13:00:00,Failed,test,172.19.12.42,61841
2025-07-07 03:00:00,Failed,user,172.29.100.100,43999
2025-07-08 12:00:00,Accepted,test,10.3.3.3,45088
2025-07-09 11:00:00,Accepted,ubuntu,10.10.10.10,36006
2025-07-09 06:00:00,Failed,test,170.205.31.167,49996
2025-07-08 21:00:00,Failed,test,172.20.14.5,16485
2025-07-07 18:00:00,Failed,test2,10.8.1.230,7912
2025-07-05 16:00:00,Failed,user,165.232.174.130,35497
2025-07-05 07:00:00,Accepted,test2,37.221.66.42,35377
2025-07-04 21:00:00,Failed,test,141.98.11.222,42146
2025-07-04 22:00:00,Failed,test2,203.0.113.5,31562
2025-07-04 09:00:00,Failed,root,10.45.67.89,45484
2025-07-04 08:00:00,Failed,user,162.155.113.54,28619
2025-07-10 06:00:00,Accepted,test,10.3.3.3,23202
2025-07-06 16:00:00,Failed,user,104.234.53.52,58859
2025-07-06 19:00:00,Failed,test,172.31.200.99,33374
2025-07-10 08:00:00,Failed,user,10.255.0.1,55592
2025-07-08 03:00:00,Failed,test,10.45.67.89,39875
2025-07-10 02:00:00,Failed,user,66.240.205.34,58956
2025-07-10 14:00:00,Failed,guest,8.8.8.8,31997
2025-07-10 09:00:00,Accepted,test2,10.255.0.1,62550
2025-07-10 18:00:00,Failed,user,104.234.53.52,22434
2025-07-05 06:00:00,Accepted,guest,170.205.31.167,47234
2025-07-08 03:00:00,Accepted,root,17.241.75.208,35890
2025-07-09 23:00:00,Accepted,guest,165.232.174.130,38856
2025-07-07 19:00:00,Failed,ubuntu,66.240.205.34,44427
2025-07-05 11:00:00,Failed,user,66.240.205.34,43764
2025-07-10 21:00:00,Failed,root,93.174.95.106,14389
2025-07-08 03:00:00,Failed,ubuntu,170.205.31.167,32831
2025-07-08 05:00:00,Failed,admin,66.240.205.34,47714
2025-07-06 20:00:00,Failed,guest,10.3.3.3,58086
2025-07-05 23:00:00,Failed,user,172.31.200.99,32976
2025-07-10 05:00:00,Failed,ubuntu,165.232.174.130,38887
2025-07-06 05:00:00,Failed,test,10.45.67.89,34451
2025-07-05 00:00:00,Accepted,test,170.205.31.167,9840
2025-07-05 22:00:00,Failed,test,71.6.146.185,15290
2025-07-09 10:00:00,Failed,guest,172.19.12.42,38160
2025-07-04 11:00:00,Accepted,guest,8.8.8.8,2459
2025-07-05 18:00:00,Accepted,root,172.31.200.99,62228
2025-07-09 04:00:00,Failed,user,172.19.12.42,55848
2025-07-06 12:00:00,Failed,ubuntu,10.255.0.1,35405
2025-07-05 13:00:00,Failed,test,172.19.12.42,42598
2025-07-09 18:00:00,Failed,user,172.20.14.5,26510
2025-07-06 13:00:00,Failed,user,8.8.8.8,41131
2025-07-10 12:00:00,Failed,root,172.19.12.42,59007
2025-07-04 13:00:00,Failed,ubuntu,17.241.75.208,58494
2025-07-09 11:00:00,Accepted,root,1.1.1.1,4999
2025-07-10 13:00:00,Failed,user,10.8.1.230,55802
2025-07-10 00:00:00,Failed,admin,172.19.12.42,37888
2025-07-08 18:00:00,Failed,ubuntu,17.241.75.208,23956
2025-07-07 00:00:00,Failed,test,10.255.0.1,31861
2025-07-07 11:00:00,Failed,test2,172.31.200.99,48430
2025-07-04 06:00:00,Failed,admin,10.8.1.230,15862
2025-07-07 11:00:00,Failed,guest,172.19.12.42,42476
2025-07-05 07:00:00,Failed,test,162.155.113.54,59222
2025-07-05 00:00:00,Failed,test2,66.240.205.34,22067
2025-07-06 00:00:00,Failed,ubuntu,165.232.174.130,40933
2025-07-06 23:00:00,Accepted,test,1.1.1.1,48317
2025-07-04 02:00:00,Accepted,guest,172.19.12.42,35420
2025-07-04 12:00:00,Failed,user,66.240.205.34,37641
2025-07-04 08:00:00,Failed,admin,37.221.66.42,61852
2025-07-10 13:00:00,Failed,guest,172.16.250.10,7307
2025-07-09 15:00:00,Failed,test,165.232.174.130,20709
2025-07-10 15:00:00,Failed,test2,172.19.12.42,47042
2025-07-08 11:00:00,Accepted,admin,37.221.66.42,24135
2025-07-04 15:00:00,Failed,guest,172.31.200.99,43444
2025-07-04 21:00:00,Failed,user,10.8.1.230,27981
2025-07-04 17:00:00,Accepted,test,162.155.113.54,37658
2025-07-09 16:00:00,Failed,ubuntu,172.19.12.42,24825
2025-07-05 03:00:00,Failed,ubuntu,1.1.1.1,19536
2025-07-10 07:00:00,Failed,ubuntu,1.1.1.1,52496
2025-07-10 02:00:00,Failed,test2,10.10.10.10,27247
2025-07-06 15:00:00,Accepted,test,17.241.75.208,30321
2025-07-05 04:00:00,Failed,test,8.8.8.8,21709
2025-07-04 23:00:00,Failed,test,162.155.113.54,4411
2025-07-08 11:00:00,Failed,test,165.232.174.130,50399
2025-07-04 19:00:00,Accepted,root,203.0.113.5,16228
2025-07-08 16:00:00,Failed,test2,170.205.31.167,62499
2025-07-05 23:00:00,Failed,guest,172.29.100.100,43180
2025-07-04 12:00:00,Failed,ubuntu,172.20.14.5,5566
2025-07-04 12:00:00,Failed,user,71.6.146.185,15360
2025-07-10 20:00:00,Accepted,root,141.98.11.222,56738
2025-07-07 19:00:00,Accepted,test,37.221.66.42,2495
2025-07-06 12:00:00,Failed,root,104.234.53.52,29098
2025-07-05 23:00:00,Failed,test,10.3.3.3,53585
2025-07-08 15:00:00,Accepted,admin,10.10.10.10,2364
2025-07-07 06:00:00,Accepted,admin,10.45.67.89,41306
2025-07-04 22:00:00,Failed,user,10.255.0.1,27191
2025-07-06 19:00:00,Failed,guest,141.98.11.222,30762
2025-07-05 20:00:00,Failed,test,172.20.14.5,3340
2025-07-10 16:00:00,Failed,ubuntu,162.155.113.54,45557
2025-07-04 05:00:00,Failed,user,172.19.12.42,58204
2025-07-06 11:00:00,Failed,admin,172.20.14.5,47269
2025-07-10 06:00:00,Failed,admin,71.6.146.185,45570
2025-07-09 02:00:00,Failed,test2,8.8.8.8,37336
2025-07-09 20:00:00,Failed,test,141.98.11.222,43793
2025-07-08 06:00:00,Accepted,ubuntu,172.20.14.5,56599
2025-07-07 06:00:00,Failed,test2,104.234.53.52,36109
2025-07-09 22:00:00,Accepted,root,172.19.12.42,51038
2025-07-10 19:00:00,Failed,guest,17.241.75.208,61550
2025-07-04 12:00:00,Failed,ubuntu,17.241.75.208,49859
2025-07-06 15:00:00,Failed,ubuntu,1.1.1.1,59085
2025-07-04 04:00:00,Accepted,user,172.31.200.99,43250
2025-07-08 10:00:00,Failed,root,37.221.66.42,34904
2025-07-06 13:00:00,Accepted,guest,203.0.113.5,36101
2025-07-06 01:00:00,Failed,test,37.221.66.42,15655
2025-07-10 14:00:00,Failed,test,8.8.8.8,22826
2025-07-07 04:00:00,Failed,test2,71.6.146.185,46741
2025-07-07 19:00:00,Failed,guest,10.8.1.230,2696
2025-07-08 03:00:00,Failed,ubuntu,1.1.1.1,23132
2025-07-10 02:00:00,Accepted,guest,162.155.113.54,25049
2025-07-07 20:00:00,Failed,user,172.20.14.5,14516
2025-07-08 18:00:00,Accepted,guest,93.174.95.106,8208
2025-07-07 02:00:00,Failed,guest,172.16.250.10,64536
2025-07-05 01:00:00,Failed,ubuntu,93.174.95.106,11654
2025-07-09 16:00:00,Accepted,test,172.20.14.5,43281
2025-07-03 23:00:00,Failed,user,10.8.1.230,47758
2025-07-05 14:00:00,Failed,user,37.221.66.42,52044
2025-07-10 16:00:00,Failed,root,66.240.205.34,46151
2025-07-05 21:00:00,Accepted,user,172.16.250.10,19807
2025-07-09 21:00:00,Failed,ubuntu,37.221.66.42,7571
2025-07-08 16:00:00,Failed,admin,1.1.1.1,54784
2025-07-04 17:00:00,Failed,test,165.232.174.130,62685
2025-07-10 07:00:00,Accepted,test2,172.19.12.42,26312
2025-07-09 18:00:00,Failed,admin,10.45.67.89,15164
2025-07-06 00:00:00,Failed,user,170.205.31.167,51031
2025-07-09 04:00:00,Failed,test2,162.155.113.54,32993
2025-07-06 04:00:00,Accepted,ubuntu,93.174.95.106,16849
2025-07-09 05:00:00,Accepted,root,10.45.67.89,39098
2025-07-04 19:00:00,Failed,test,66.240.205.34,35665
2025-07-10 05:00:00,Failed,test,71.6.146.185,32412
2025-07-10 00:00:00,Failed,root,165.232.174.130,12410
2025-07-08 22:00:00,Failed,user,8.8.8.8,6027
2025-07-10 10:00:00,Accepted,test2,165.232.174.130,48989
2025-07-08 23:00:00,Failed,test,10.3.3.3,49761
2025-07-08 06:00:00,Failed,guest,37.221.66.42,24108
2025-07-10 00:00:00,Failed,root,203.0.113.5,9647
2025-07-06 05:00:00,Failed,guest,203.0.113.5,2620
2025-07-10 06:00:00,Failed,guest,10.10.10.10,61171
2025-07-05 16:00:00,Failed,test,66.240.205.34,45036
2025-07-06 07:00:00,Accepted,root,203.0.113.5,18907
2025-07-05 07:00:00,Failed,ubuntu,8.8.8.8,58945
2025-07-06 09:00:00,Failed,user,162.155.113.54,43914
2025-07-10 09:00:00,Failed,test,17.241.75.208,38965
2025-07-04 07:00:00,Failed,ubuntu,71.6.146.185,17870
2025-07-07 05:00:00,Accepted,ubuntu,1.1.1.1,23971
2025-07-09 03:00:00,Failed,test,10.8.1.230,65523
2025-07-07 08:00:00,Failed,user,165.232.174.130,30583
2025-07-09 09:00:00,Accepted,test2,17.241.75.208,12689
2025-07-09 02:00:00,Failed,admin,66.240.205.34,38144
2025-07-06 07:00:00,Failed,root,172.29.100.100,63352
2025-07-08 15:00:00,Failed,root,10.10.10.10,29342
2025-07-05 05:00:00,Accepted,admin,1.1.1.1,60826
2025-07-07 22:00:00,Failed,guest,1.1.1.1,58083
2025-07-04 22:00:00,Failed,admin,10.255.0.1,55282
2025-07-07 08:00:00,Accepted,admin,172.31.200.99,31060
2025-07-08 03:00:00,Failed,test2,170.205.31.167,5990
2025-07-04 19:00:00,Failed,ubuntu,203.0.113.5,63529
2025-07-07 22:00:00,Accepted,test2,172.19.12.42,17711
2025-07-10 20:00:00,Accepted,admin,165.232.174.130,42939
2025-07-08 22:00:00,Failed,root,17.241.75.208,45895
2025-07-07 09:00:00,Accepted,test,10.10.10.10,13874
2025-07-09 00:00:00,Failed,test,71.6.146.185,61293
2025-07-09 14:00:00,Failed,root,172.31.200.99,65101
2025-07-09 07:00:00,Failed,guest,37.221.66.42,52830
2025-07-05 16:00:00,Failed,test2,203.0.113.5,2043
2025-07-07 05:00:00,Failed,ubuntu,8.8.8.8,38687
2025-07-08 18:00:00,Failed,user,71.6.146.185,20262
2025-07-08 20:00:00,Failed,user,66.240.205.34,42474
2025-07-09 07:00:00,Failed,test2,10.3.3.3,12471
2025-07-10 11:00:00,Failed,user,10.45.67.89,60925
2025-07-04 02:00:00,Accepted,admin,10.45.67.89,17885
2025-07-09 06:00:00,Failed,user,93.174.95.106,41203
2025-07-04 22:00:00,Failed,test,104.234.53.52,6646
2025-07-08 12:00:00,Failed,ubuntu,71.6.146.185,28321
2025-07-10 13:00:00,Failed,test2,66.240.205.34,33791
2025-07-09 11:00:00,Failed,test2,66.240.205.34,20075
2025-07-04 09:00:00,Accepted,guest,203.0.113.5,60997
2025-07-09 15:00:00,Failed,test,170.205.31.167,13307
2025-07-09 22:00:00,Failed,test2,170.205.31.167,48249
2025-07-03 23:00:00,Failed,root,17.241.75.208,34903
2025-07-10 19:00:00,Failed,admin,10.3.3.3,7437
2025-07-04 13:00:00,Failed,test,172.19.12.42,10452
2025-07-07 08:00:00,Failed,test2,10.8.1.230,25304
2025-07-07 00:00:00,Failed,test,10.10.10.10,26895
2025-07-06 23:00:00,Failed,ubuntu,172.31.200.99,41222
2025-07-08 10:00:00,Failed,root,17.241.75.208,28727
2025-07-10 13:00:00,Failed,test2,10.10.10.10,64489
2025-07-10 11:00:00,Failed,user,170.205.31.167,17841
2025-07-05 06:00:00,Failed,ubuntu,10.3.3.3,3426
2025-07-04 11:00:00,Accepted,ubuntu,37.221.66.42,38592
2025-07-10 06:00:00,Failed,test,172.31.200.99,24122
2025-07-09 13:00:00,Failed,test2,172.16.250.10,1624
2025-07-05 00:00:00,Failed,guest,172.20.14.5,17759
2025-07-09 08:00:00,Failed,root,17.241.75.208,34960
2025-07-06 23:00:00,Failed,user,10.255.0.1,38510
2025-07-10 11:00:00,Failed,guest,172.29.100.100,45704
2025-07-08 11:00:00,Failed,root,8.8.8.8,48372
2025-07-09 06:00:00,Failed,guest,93.174.95.106,57105
2025-07-08 09:00:00,Accepted,user,17.241.75.208,26120
2025-07-09 05:00:00,Failed,test,203.0.113.5,5304
2025-07-09 23:00:00,Failed,test,172.29.100.100,6797
2025-07-04 07:00:00,Failed,test2,172.29.100.100,64065
2025-07-04 16:00:00,Failed,user,104.234.53.52,55905
2025-07-07 07:00:00,Failed,user,172.29.100.100,54271
2025-07-07 09:00:00,Accepted,test,93.174.95.106,45754
2025-07-06 01:00:00,Failed,test,172.20.14.5,36263
2025-07-10 04:00:00,Failed,test,8.8.8.8,37306
2025-07-07 05:00:00,Failed,ubuntu,170.205.31.167,19916
2025-07-07 14:00:00,Failed,test2,17.241.75.208,12369
2025-07-04 19:00:00,Failed,admin,93.174.95.106,51326
2025-07-09 20:00:00,Failed,test,203.0.113.5,64412
2025-07-10 10:00:00,Failed,test,162.155.113.54,34325
2025-07-07 19:00:00,Failed,guest,10.8.1.230,16180
2025-07-10 19:00:00,Failed,test2,172.29.100.100,29804
2025-07-08 01:00:00,Failed,root,172.20.14.5,43275
2025-07-08 04:00:00,Failed,admin,165.232.174.130,6452
2025-07-08 17:00:00,Failed,admin,172.19.12.42,31484
2025-07-09 10:00:00,Failed,ubuntu,172.31.200.99,3893
2025-07-07 13:00:00,Failed,test,10.3.3.3,38190
2025-07-09 16:00:00,Accepted,test,170.205.31.167,5387
2025-07-07 15:00:00,Failed,admin,141.98.11.222,40999
2025-07-07 07:00:00,Failed,admin,10.10.10.10,62483
2025-07-10 04:00:00,Failed,user,165.232.174.130,34715
2025-07-10 16:00:00,Failed,user,1.1.1.1,50843
2025-07-08 10:00:00,Failed,admin,17.241.75.208,5798
2025-07-05 22:00:00,Failed,test2,203.0.113.5,48817
2025-07-10 15:00:00,Failed,admin,71.6.146.185,47089
2025-07-08 13:00:00,Failed,test2,172.31.200.99,15242
2025-07-09 01:00:00,Accepted,admin,37.221.66.42,42268
2025-07-10 22:00:00,Failed,root,172.31.200.99,7496
2025-07-04 07:00:00,Failed,admin,172.19.12.42,14623
2025-07-05 12:00:00,Accepted,test,10.3.3.3,26493
2025-07-07 15:00:00,Failed,test2,172.20.14.5,57664
2025-07-07 19:00:00,Accepted,user,66.240.205.34,54622
2025-07-06 17:00:00,Failed,admin,170.205.31.167,27748
2025-07-06 14:00:00,Failed,admin,141.98.11.222,29197
2025-07-08 04:00:00,Failed,user,172.16.250.10,50463
2025-07-07 04:00:00,Failed,guest,10.255.0.1,31417
2025-07-06 06:00:00,Failed,admin,172.19.12.42,3990
2025-07-10 08:00:00,Failed,test,203.0.113.5,33852
2025-07-05 14:00:00,Failed,root,172.20.14.5,52369
2025-07-07 04:00:00,Accepted,ubuntu,10.3.3.3,9206
2025-07-07 14:00:00,Accepted,test2,141.98.11.222,14205
2025-07-05 22:00:00,Failed,root,104.234.53.52,46773
2025-07-06 01:00:00,Failed,test,10.8.1.230,63046
2025-07-07 00:00:00,Accepted,guest,71.6.146.185,35248
2025-07-05 16:00:00,Failed,guest,170.205.31.167,1333
2025-07-05 08:00:00,Failed,user,170.205.31.167,6803
2025-07-08 18:00:00,Failed,test2,71.6.146.185,31082
2025-07-08 09:00:00,Failed,test,203.0.113.5,38064
2025-07-05 04:00:00,Accepted,admin,203.0.113.5,3714
2025-07-07 22:00:00,Failed,admin,17.241.75.208,1599
2025-07-08 23:00:00,Accepted,test,141.98.11.222,27601
2025-07-08 12:00:00,Failed,user,172.19.12.42,23811
2025-07-05 11:00:00,Failed,root,10.8.1.230,63689
2025-07-10 15:00:00,Failed,test,10.255.0.1,47377
2025-07-07 16:00:00,Accepted,test2,1.1.1.1,56131
2025-07-10 22:00:00,Failed,test,172.31.200.99,63230
2025-07-08 19:00:00,Accepted,test,37.221.66.42,57316
2025-07-08 16:00:00,Failed,user,10.10.10.10,48638
2025-07-09 19:00:00,Failed,test2,71.6.146.185,23777
2025-07-08 12:00:00,Failed,ubuntu,172.19.12.42,62428
2025-07-04 22:00:00,Accepted,root,71.6.146.185,56039
2025-07-05 04:00:00,Failed,guest,37.221.66.42,32772
2025-07-04 06:00:00,Accepted,admin,17.241.75.208,61212
2025-07-05 08:00:00,Accepted,ubuntu,1.1.1.1,22703
2025-07-07 04:00:00,Failed,user,37.221.66.42,44827
2025-07-08 10:00:00,Accepted,root,162.155.113.54,34652
2025-07-10 16:00:00,Failed,ubuntu,172.16.250.10,17623
2025-07-07 22:00:00,Accepted,test2,172.29.100.100,56058
2025-07-09 03:00:00,Failed,admin,37.221.66.42,29953
2025-07-04 18:00:00,Failed,root,71.6.146.185,63371
2025-07-06 15:00:00,Accepted,user,165.232.174.130,11200
2025-07-05 16:00:00,Accepted,root,17.241.75.208,49244
2025-07-10 10:00:00,Failed,user,1.1.1.1,45863
2025-07-05 01:00:00,Failed,user,1.1.1.1,15694
2025-07-08 10:00:00,Failed,admin,10.10.10.10,53428
2025-07-04 15:00:00,Accepted,ubuntu,172.16.250.10,9251
2025-07-10 21:00:00,Failed,user,172.31.200.99,21002
2025-07-04 12:00:00,Failed,root,8.8.8.8,55338
2025-07-06 15:00:00,Failed,test2,66.240.205.34,15249
2025-07-04 14:00:00,Failed,admin,172.31.200.99,6286
2025-07-08 23:00:00,Failed,root,172.16.250.10,46631
2025-07-04 20:00:00,Failed,user,10.10.10.10,43230
2025-07-10 12:00:00,Accepted,root,170.205.31.167,26423
2025-07-04 17:00:00,Accepted,admin,66.240.205.34,39786
2025-07-05 15:00:00,Failed,test2,10.255.0.1,38277
2025-07-08 09:00:00,Failed,root,104.234.53.52,61096
2025-07-05 12:00:00,Failed,test2,172.16.250.10,19793
2025-07-06 01:00:00,Accepted,guest,172.31.200.99,35460
2025-07-04 13:00:00,Failed,ubuntu,172.16.250.10,19859
2025-07-07 20:00:00,Accepted,ubuntu,172.20.14.5,14763
2025-07-09 23:00:00,Failed,test2,8.8.8.8,15529
2025-07-09 15:00:00,Failed,user,10.10.10.10,53106
2025-07-07 08:00:00,Failed,test,172.29.100.100,47250
2025-07-06 12:00:00,Failed,root,10.3.3.3,33057
2025-07-05 06:00:00,Failed,root,172.16.250.10,64307
2025-07-05 07:00:00,Failed,test,165.232.174.130,51620
2025-07-10 03:00:00,Failed,test,162.155.113.54,1748
2025-07-08 12:00:00,Failed,guest,104.234.53.52,42705
2025-07-04 08:00:00,Failed,test2,172.16.250.10,35182
2025-07-04 02:00:00,Failed,admin,170.205.31.167,13973
2025-07-04 23:00:00,Accepted,test,17.241.75.208,5295
2025-07-10 09:00:00,Failed,test,165.232.174.130,55921
2025-07-06 04:00:00,Accepted,user,1.1.1.1,32418
2025-07-08 05:00:00,Failed,user,172.19.12.42,11969
2025-07-07 03:00:00,Failed,test,104.234.53.52,62962
2025-07-05 17:00:00,Failed,test2,172.31.200.99,48661
2025-07-08 00:00:00,Failed,admin,170.205.31.167,20960
2025-07-05 20:00:00,Failed,root,172.19.12.42,23148
2025-07-09 14:00:00,Failed,admin,172.29.100.100,22038
2025-07-08 21:00:00,Failed,ubuntu,141.98.11.222,18394
2025-07-05 00:00:00,Failed,guest,104.234.53.52,13431
2025-07-04 15:00:00,Failed,guest,8.8.8.8,15334
2025-07-06 01:00:00,Failed,guest,66.240.205.34,2575
2025-07-08 20:00:00,Failed,guest,104.234.53.52,17892
2025-07-05 07:00:00,Failed,admin,172.19.12.42,1615
2025-07-08 01:00:00,Failed,user,10.8.1.230,39885
2025-07-06 07:00:00,Failed,test,172.20.14.5,49126
2025-07-08 05:00:00,Failed,ubuntu,172.19.12.42,63134
2025-07-10 02:00:00,Failed,ubuntu,93.174.95.106,16700
2025-07-10 12:00:00,Failed,test,172.29.100.100,21087
2025-07-05 15:00:00,Failed,guest,104.234.53.52,5727
2025-07-05 17:00:00,Failed,user,10.255.0.1,49810
2025-07-10 10:00:00,Accepted,admin,141.98.11.222,7874
2025-07-05 20:00:00,Failed,test,172.20.14.5,55567
2025-07-10 18:00:00,Failed,admin,10.45.67.89,23255
2025-07-05 21:00:00,Failed,test,203.0.113.5,24673
2025-07-09 08:00:00,Accepted,guest,71.6.146.185,23437
2025-07-07 01:00:00,Accepted,test2,10.45.67.89,18028
2025-07-08 09:00:00,Failed,root,172.31.200.99,18943
2025-07-04 20:00:00,Failed,root,162.155.113.54,32101
2025-07-06 23:00:00,Failed,test,17.241.75.208,13340
2025-07-04 22:00:00,Failed,ubuntu,1.1.1.1,43487
2025-07-10 18:00:00,Failed,guest,203.0.113.5,51579
2025-07-08 20:00:00,Failed,ubuntu,10.45.67.89,50069
2025-07-04 16:00:00,Accepted,test,104.234.53.52,32153
2025-07-09 15:00:00,Accepted,admin,10.45.67.89,4357
2025-07-09 00:00:00,Failed,test2,170.205.31.167,44962
2025-07-05 19:00:00,Accepted,ubuntu,10.8.1.230,57702
2025-07-10 15:00:00,Failed,test2,10.8.1.230,26406
2025-07-09 23:00:00,Failed,ubuntu,10.8.1.230,48621
2025-07-07 20:00:00,Failed,user,37.221.66.42,34355
2025-07-10 22:00:00,Failed,root,10.3.3.3,19277
2025-07-05 14:00:00,Failed,test,71.6.146.185,18079
2025-07-09 09:00:00,Failed,admin,37.221.66.42,4798
2025-07-09 08:00:00,Failed,admin,165.232.174.130,4749
2025-07-09 15:00:00,Failed,guest,8.8.8.8,44123
2025-07-07 02:00:00,Failed,test,104.234.53.52,21194
2025-07-09 05:00:00,Failed,ubuntu,1.1.1.1,49935
2025-07-10 02:00:00,Failed,test,203.0.113.5,32797
2025-07-04 01:00:00,Failed,admin,172.16.250.10,56480
2025-07-08 23:00:00,Failed,root,141.98.11.222,39733
2025-07-09 18:00:00,Failed,test,104.234.53.52,61319
2025-07-05 09:00:00,Failed,user,10.255.0.1,9314
2025-07-07 09:00:00,Failed,root,8.8.8.8,58354
2025-07-04 09:00:00,Failed,root,10.3.3.3,64035
2025-07-07 07:00:00,Accepted,test2,17.241.75.208,18504
2025-07-04 23:00:00,Accepted,root,8.8.8.8,30491
2025-07-09 09:00:00,Failed,test2,162.155.113.54,58104
2025-07-07 03:00:00,Failed,ubuntu,17.241.75.208,39970
2025-07-10 20:00:00,Failed,ubuntu,8.8.8.8,36905
2025-07-06 19:00:00,Failed,ubuntu,10.45.67.89,11023
2025-07-10 11:00:00,Failed,root,172.31.200.99,48615
2025-07-07 03:00:00,Failed,user,162.155.113.54,8724
2025-07-05 06:00:00,Failed,guest,170.205.31.167,42567
2025-07-06 14:00:00,Failed,test,203.0.113.5,18199
2025-07-04 19:00:00,Failed,user,172.19.12.42,53942
2025-07-05 03:00:00,Failed,guest,172.19.12.42,13507
2025-07-04 08:00:00,Failed,root,10.8.1.230,22377
2025-07-10 14:00:00,Failed,root,10.45.67.89,1366
2025-07-06 22:00:00,Failed,user,37.221.66.42,34881
2025-07-09 04:00:00,Accepted,test2,172.19.12.42,33269
2025-07-07 09:00:00,Failed,admin,10.10.10.10,57609
2025-07-05 23:00:00,Failed,ubuntu,165.232.174.130,65521
2025-07-04 17:00:00,Failed,root,37.221.66.42,18040
2025-07-06 02:00:00,Accepted,root,162.155.113.54,16967
2025-07-10 02:00:00,Accepted,test,8.8.8.8,11049
2025-07-06 12:00:00,Failed,ubuntu,93.174.95.106,45579
2025-07-09 22:00:00,Failed,guest,104.234.53.52,20056
2025-07-09 06:00:00,Failed,root,172.29.100.100,29561
2025-07-04 08:00:00,Failed,ubuntu,104.234.53.52,50495
2025-07-07 06:00:00,Failed,guest,10.8.1.230,41954
2025-07-08 09:00:00,Accepted,guest,10.3.3.3,4140
2025-07-10 20:00:00,Failed,user,172.19.12.42,31340
2025-07-10 06:00:00,Failed,ubuntu,10.10.10.10,39903
2025-07-08 22:00:00,Failed,test2,10.10.10.10,19986
2025-07-06 19:00:00,Failed,test,10.255.0.1,43089
2025-07-07 07:00:00,Failed,user,170.205.31.167,13525
2025-07-04 23:00:00,Failed,ubuntu,66.240.205.34,64864
2025-07-06 16:00:00,Accepted,ubuntu,172.19.12.42,49156
2025-07-07 16:00:00,Failed,root,10.3.3.3,60201
2025-07-06 12:00:00,Failed,test2,17.241.75.208,54086
2025-07-08 16:00:00,Failed,guest,17.241.75.208,16812
2025-07-08 03:00:00,Failed,admin,104.234.53.52,52709
2025-07-05 17:00:00,Failed,test2,66.240.205.34,19144
2025-07-09 04:00:00,Failed,root,1.1.1.1,38964
2025-07-09 10:00:00,Failed,user,10.255.0.1,7594
2025-07-04 22:00:00,Failed,guest,71.6.146.185,64343
2025-07-05 22:00:00,Accepted,test2,104.234.53.52,45380
2025-07-07 16:00:00,Failed,root,10.255.0.1,21916
2025-07-05 21:00:00,Failed,root,1.1.1.1,8424
2025-07-06 16:00:00,Failed,ubuntu,10.45.67.89,40745
2025-07-05 15:00:00,Failed,user,104.234.53.52,28939
2025-07-06 16:00:00,Accepted,test2,172.16.250.10,21694
2025-07-07 22:00:00,Accepted,guest,71.6.146.185,64401
2025-07-10 04:00:00,Failed,admin,172.16.250.10,58394
2025-07-08 16:00:00,Failed,guest,172.19.12.42,17226
2025-07-07 19:00:00,Failed,user,172.31.200.99,37946
2025-07-08 13:00:00,Accepted,test2,10.255.0.1,25941
2025-07-05 12:00:00,Failed,test2,66.240.205.34,18937
2025-07-08 11:00:00,Failed,root,93.174.95.106,26403
2025-07-09 17:00:00,Failed,test,1.1.1.1,4674
2025-07-08 18:00:00,Accepted,user,104.234.53.52,16070
2025-07-07 23:00:00,Accepted,admin,66.240.205.34,20650
2025-07-08 19:00:00,Failed,ubuntu,172.29.100.100,47424
2025-07-04 13:00:00,Accepted,user,141.98.11.222,32945
2025-07-08 06:00:00,Accepted,admin,8.8.8.8,44611
2025-07-10 15:00:00,Failed,user,203.0.113.5,50972
2025-07-09 19:00:00,Failed,test2,66.240.205.34,38091
2025-07-05 07:00:00,Accepted,test2,170.205.31.167,4007
2025-07-07 06:00:00,Failed,test2,71.6.146.185,17018
2025-07-05 06:00:00,Failed,test,162.155.113.54,58175
2025-07-06 06:00:00,Failed,user,104.234.53.52,15597
2025-07-06 21:00:00,Accepted,root,1.1.1.1,14709
2025-07-04 05:00:00,Failed,user,172.29.100.100,52219
2025-07-06 19:00:00,Failed,admin,8.8.8.8,63842
2025-07-07 21:00:00,Accepted,ubuntu,104.234.53.52,25742
2025-07-04 19:00:00,Failed,ubuntu,10.10.10.10,15012
2025-07-09 06:00:00,Accepted,admin,104.234.53.52,46307
2025-07-04 05:00:00,Failed,admin,172.20.14.5,8504
2025-07-05 17:00:00,Accepted,test2,172.19.12.42,10282
2025-07-05 20:00:00,Failed,admin,17.241.75.208,21531
2025-07-09 08:00:00,Failed,test,10.8.1.230,36813
2025-07-08 16:00:00,Accepted,test2,10.255.0.1,9927
2025-07-04 20:00:00,Failed,user,93.174.95.106,63625
2025-07-04 21:00:00,Failed,admin,170.205.31.167,37684
2025-07-08 12:00:00,Failed,root,141.98.11.222,61554
2025-07-04 14:00:00,Failed,ubuntu,1.1.1.1,47923
2025-07-06 03:00:00,Failed,root,162.155.113.54,21115
2025-07-04 19:00:00,Failed,test2,104.234.53.52,19925
2025-07-04 14:00:00,Failed,guest,172.16.250.10,18122
2025-07-07 03:00:00,Failed,guest,104.234.53.52,8809
2025-07-08 12:00:00,Accepted,test,10.45.67.89,32109
2025-07-06 11:00:00,Failed,ubuntu,172.19.12.42,16947
2025-07-09 06:00:00,Failed,test2,71.6.146.185,43573
2025-07-07 19:00:00,Accepted,ubuntu,71.6.146.185,26043
2025-07-08 05:00:00,Failed,test2,93.174.95.106,41266
2025-07-08 10:00:00,Failed,test,172.31.200.99,62588
2025-07-05 18:00:00,Accepted,admin,10.10.10.10,47335
2025-07-07 02:00:00,Failed,user,170.205.31.167,15682
2025-07-08 06:00:00,Accepted,root,170.205.31.167,13278
2025-07-08 22:00:00,Failed,root,17.241.75.208,20245
2025-07-09 23:00:00,Failed,guest,17.241.75.208,55530
2025-07-08 11:00:00,Failed,ubuntu,104.234.53.52,4356
2025-07-05 21:00:00,Failed,test,93.174.95.106,12182
2025-07-05 09:00:00,Accepted,ubuntu,10.3.3.3,44986
2025-07-06 05:00:00,Failed,admin,104.234.53.52,29052
2025-07-05 13:00:00,Accepted,root,172.20.14.5,38081
2025-07-07 06:00:00,Failed,test2,172.16.250.10,38640
2025-07-07 07:00:00,Failed,test2,10.45.67.89,47092
2025-07-05 22:00:00,Failed,user,10.10.10.10,51066
2025-07-05 12:00:00,Failed,root,172.31.200.99,41080
2025-07-06 10:00:00,Failed,guest,10.255.0.1,24644
2025-07-10 06:00:00,Failed,user,172.29.100.100,8427
2025-07-05 11:00:00,Failed,root,141.98.11.222,10504
2025-07-06 17:00:00,Failed,root,37.221.66.42,18910
2025-07-10 20:00:00,Failed,user,141.98.11.222,20043
2025-07-08 15:00:00,Failed,root,66.240.205.34,8952
2025-07-09 01:00:00,Failed,guest,162.155.113.54,63351
2025-07-10 15:00:00,Accepted,user,165.232.174.130,30468
2025-07-09 02:00:00,Failed,user,10.3.3.3,61535
2025-07-06 22:00:00,Accepted,admin,162.155.113.54,59863
2025-07-10 05:00:00,Failed,root,165.232.174.130,60677
2025-07-04 10:00:00,Failed,admin,71.6.146.185,64528
2025-07-07 19:00:00,Failed,test2,172.20.14.5,12853
2025-07-08 09:00:00,Failed,test,10.8.1.230,13906
2025-07-10 09:00:00,Accepted,user,10.10.10.10,29170
2025-07-07 07:00:00,Failed,test2,1.1.1.1,54290
2025-07-08 06:00:00,Failed,user,162.155.113.54,20668
2025-07-07 18:00:00,Accepted,root,37.221.66.42,25218
2025-07-04 22:00:00,Failed,root,1.1.1.1,11527
2025-07-08 02:00:00,Failed,user,172.20.14.5,33002
2025-07-08 05:00:00,Failed,root,10.10.10.10,9374
2025-07-08 18:00:00,Failed,test2,172.19.12.42,58048
2025-07-09 14:00:00,Accepted,root,37.221.66.42,38197
2025-07-09 04:00:00,Failed,root,172.29.100.100,33572
2025-07-08 18:00:00,Failed,test,10.8.1.230,51439
2025-07-07 19:00:00,Failed,root,172.19.12.42,41968
2025-07-09 00:00:00,Failed,ubuntu,162.155.113.54,47397
2025-07-10 14:00:00,Accepted,test,10.8.1.230,2563
2025-07-10 18:00:00,Failed,guest,165.232.174.130,27465
2025-07-06 18:00:00,Accepted,test2,10.3.3.3,15178
2025-07-09 10:00:00,Failed,admin,172.31.200.99,18521
2025-07-07 01:00:00,Failed,user,17.241.75.208,45394
2025-07-09 06:00:00,Accepted,test2,172.29.100.100,45349
2025-07-05 02:00:00,Failed,test,10.8.1.230,37408
2025-07-04 07:00:00,Accepted,test,170.205.31.167,11025
2025-07-10 14:00:00,Failed,root,10.45.67.89,35773
2025-07-06 10:00:00,Accepted,guest,10.255.0.1,26386
2025-07-10 07:00:00,Failed,ubuntu,172.31.200.99,16814
2025-07-06 13:00:00,Failed,test,104.234.53.52,33791
2025-07-09 21:00:00,Accepted,guest,162.155.113.54,20002
2025-07-06 18:00:00,Failed,user,172.29.100.100,42894
2025-07-10 18:00:00,Failed,user,172.16.250.10,4995
2025-07-09 01:00:00,Failed,user,17.241.75.208,17021
2025-07-09 08:00:00,Failed,admin,93.174.95.106,24483
2025-07-06 21:00:00,Failed,test,203.0.113.5,37091
2025-07-06 17:00:00,Accepted,ubuntu,203.0.113.5,2377
2025-07-05 22:00:00,Failed,test,37.221.66.42,57927
2025-07-05 22:00:00,Failed,test,172.20.14.5,32540
2025-07-08 08:00:00,Failed,root,1.1.1.1,20236
2025-07-06 09:00:00,Failed,ubuntu,162.155.113.54,20065
2025-07-06 07:00:00,Accepted,test,203.0.113.5,61545
2025-07-06 08:00:00,Failed,user,8.8.8.8,34344
2025-07-10 14:00:00,Failed,guest,66.240.205.34,62893
2025-07-07 01:00:00,Failed,root,172.16.250.10,49190
2025-07-05 20:00:00,Failed,test2,10.8.1.230,7091
2025-07-04 04:00:00,Failed,test2,104.234.53.52,20311
2025-07-09 23:00:00,Failed,test2,104.234.53.52,50124
2025-07-07 08:00:00,Failed,guest,172.31.200.99,2069
2025-07-05 01:00:00,Failed,ubuntu,10.45.67.89,49265
2025-07-09 12:00:00,Failed,admin,10.255.0.1,32350
2025-07-10 22:00:00,Accepted,ubuntu,172.29.100.100,21101
2025-07-04 16:00:00,Failed,ubuntu,10.8.1.230,60416
2025-07-08 11:00:00,Failed,test2,162.155.113.54,10838
2025-07-09 15:00:00,Accepted,root,10.10.10.10,11067
2025-07-06 10:00:00,Failed,root,10.255.0.1,45927
2025-07-06 02:00:00,Failed,ubuntu,170.205.31.167,58200
2025-07-09 15:00:00,Failed,admin,165.232.174.130,42356
2025-07-10 09:00:00,Failed,root,10.8.1.230,52998
2025-07-10 11:00:00,Accepted,guest,8.8.8.8,53780
2025-07-10 01:00:00,Failed,user,162.155.113.54,64733
2025-07-09 12:00:00,Failed,admin,162.155.113.54,51353
2025-07-08 02:00:00,Accepted,guest,66.240.205.34,11489
2025-07-07 18:00:00,Failed,guest,37.221.66.42,49831
2025-07-06 17:00:00,Failed,ubuntu,141.98.11.222,35356
2025-07-05 21:00:00,Accepted,admin,141.98.11.222,59953
2025-07-10 09:00:00,Failed,root,172.29.100.100,21414
2025-07-09 07:00:00,Failed,ubuntu,93.174.95.106,59244
2025-07-06 19:00:00,Failed,guest,170.205.31.167,11125
2025-07-07 18:00:00,Failed,test2,165.232.174.130,15229
2025-07-09 05:00:00,Failed,test,10.255.0.1,10612
2025-07-04 10:00:00,Failed,test,93.174.95.106,19531
2025-07-04 05:00:00,Failed,ubuntu,10.255.0.1,55023
2025-07-05 07:00:00,Failed,test2,141.98.11.222,15893
2025-07-04 22:00:00,Failed,root,172.20.14.5,38571
2025-07-04 19:00:00,Failed,ubuntu,104.234.53.52,43127
2025-07-09 19:00:00,Failed,guest,203.0.113.5,45767
2025-07-06 15:00:00,Accepted,test2,10.3.3.3,23695
2025-07-06 02:00:00,Failed,test,141.98.11.222,61151
2025-07-09 06:00:00,Failed,guest,172.16.250.10,5177
2025-07-09 07:00:00,Failed,root,172.31.200.99,21483
2025-07-04 12:00:00,Accepted,admin,172.20.14.5,31395
2025-07-04 19:00:00,Failed,guest,141.98.11.222,32811
2025-07-08 10:00:00,Failed,test,8.8.8.8,20139
2025-07-07 20:00:00,Failed,ubuntu,93.174.95.106,50437
2025-07-04 12:00:00,Failed,root,66.240.205.34,43779
2025-07-08 17:00:00,Failed,root,10.45.67.89,35903
2025-07-06 13:00:00,Failed,test,17.241.75.208,11632
2025-07-08 21:00:00,Failed,user,71.6.146.185,26770
2025-07-10 22:00:00,Failed,ubuntu,37.221.66.42,29893
2025-07-05 15:00:00,Failed,guest,172.31.200.99,4359
2025-07-09 15:00:00,Accepted,test2,66.240.205.34,60752
2025-07-05 05:00:00,Accepted,admin,172.16.250.10,11651
2025-07-07 13:00:00,Failed,admin,10.255.0.1,1064
2025-07-04 13:00:00,Failed,root,93.174.95.106,10707
2025-07-04 04:00:00,Accepted,root,10.10.10.10,28981
2025-07-07 01:00:00,Accepted,user,1.1.1.1,49051
2025-07-09 04:00:00,Failed,user,10.10.10.10,31068
2025-07-07 06:00:00,Accepted,user,141.98.11.222,32046
2025-07-08 19:00:00,Failed,test,93.174.95.106,28210
2025-07-04 21:00:00,Failed,test2,172.20.14.5,63252
2025-07-09 05:00:00,Failed,test2,71.6.146.185,40586
2025-07-04 08:00:00,Failed,user,66.240.205.34,31761
2025-07-06 11:00:00,Accepted,admin,10.10.10.10,3271
2025-07-10 08:00:00,Failed,test,141.98.11.222,7925
2025-07-07 05:00:00,Failed,root,172.29.100.100,45233
2025-07-06 02:00:00,Failed,root,10.45.67.89,20054
2025-07-09 13:00:00,Failed,user,10.10.10.10,19237
2025-07-08 11:00:00,Failed,test2,66.240.205.34,24949
2025-07-07 23:00:00,Failed,ubuntu,17.241.75.208,32216
2025-07-10 22:00:00,Failed,test,172.19.12.42,51231
2025-07-07 23:00:00,Failed,user,10.8.1.230,16905
2025-07-04 06:00:00,Failed,test,172.20.14.5,52751
2025-07-08 11:00:00,Failed,user,203.0.113.5,13152
2025-07-09 18:00:00,Failed,admin,17.241.75.208,31373
2025-07-10 09:00:00,Failed,ubuntu,37.221.66.42,65334
2025-07-09 05:00:00,Failed,root,141.98.11.222,14142
2025-07-04 20:00:00,Failed,test2,8.8.8.8,43479
2025-07-05 11:00:00,Failed,ubuntu,71.6.146.185,11357
2025-07-04 16:00:00,Failed,ubuntu,1.1.1.1,14398
2025-07-04 04:00:00,Failed,root,203.0.113.5,20645
2025-07-04 22:00:00,Failed,root,66.240.205.34,46803
2025-07-09 15:00:00,Failed,user,10.8.1.230,62827
2025-07-06 20:00:00,Failed,root,172.20.14.5,38818
2025-07-08 14:00:00,Failed,user,203.0.113.5,47609
2025-07-06 16:00:00,Failed,user,10.8.1.230,14873
2025-07-04 08:00:00,Failed,admin,172.20.14.5,54973
2025-07-07 08:00:00,Failed,user,141.98.11.222,54589
2025-07-10 15:00:00,Failed,user,71.6.146.185,6027
2025-07-07 13:00:00,Failed,test,162.155.113.54,63948
2025-07-05 00:00:00,Accepted,test2,172.20.14.5,30438
2025-07-06 19:00:00,Failed,test,17.241.75.208,9058
2025-07-09 05:00:00,Failed,test2,37.221.66.42,15320
2025-07-09 06:00:00,Failed,ubuntu,172.16.250.10,49505
2025-07-04 04:00:00,Failed,admin,141.98.11.222,55857
2025-07-06 13:00:00,Failed,test,172.19.12.42,59946
2025-07-06 18:00:00,Failed,root,104.234.53.52,64255
2025-07-06 09:00:00,Failed,user,172.31.200.99,28279
2025-07-10 04:00:00,Failed,guest,10.3.3.3,5601
2025-07-07 03:00:00,Failed,test2,104.234.53.52,22986
2025-07-04 00:00:00,Failed,admin,10.3.3.3,5408
2025-07-09 07:00:00,Failed,test,71.6.146.185,63845
2025-07-05 14:00:00,Failed,guest,170.205.31.167,39510
2025-07-09 09:00:00,Failed,ubuntu,1.1.1.1,63865
2025-07-09 09:00:00,Failed,user,93.174.95.106,6842
2025-07-04 03:00:00,Accepted,root,10.10.10.10,47922
2025-07-04 17:00:00,Failed,guest,162.155.113.54,23286
2025-07-06 10:00:00,Failed,test,172.31.200.99,12659
2025-07-08 00:00:00,Failed,admin,172.16.250.10,40874
2025-07-04 16:00:00,Failed,user,172.16.250.10,21105
2025-07-07 09:00:00,Accepted,user,172.16.250.10,8101
2025-07-08 23:00:00,Accepted,root,17.241.75.208,34492
2025-07-09 09:00:00,Failed,user,172.19.12.42,52601
2025-07-03 23:00:00,Accepted,test,172.20.14.5,64598
2025-07-06 14:00:00,Accepted,admin,165.232.174.130,40419
2025-07-09 20:00:00,Failed,test,172.29.100.100,11449
2025-07-09 02:00:00,Failed,root,170.205.31.167,56206
2025-07-08 23:00:00,Failed,test,17.241.75.208,48377
2025-07-10 16:00:00,Accepted,test,172.19.12.42,47006
2025-07-10 22:00:00,Failed,ubuntu,37.221.66.42,15528
2025-07-06 08:00:00,Accepted,admin,71.6.146.185,27758
2025-07-09 21:00:00,Failed,test2,165.232.174.130,32588
2025-07-09 15:00:00,Failed,root,172.19.12.42,16028
2025-07-10 05:00:00,Accepted,test,17.241.75.208,35674
2025-07-04 19:00:00,Failed,root,93.174.95.106,23928
2025-07-08 20:00:00,Failed,test,165.232.174.130,53752
2025-07-04 21:00:00,Accepted,guest,170.205.31.167,57226
2025-07-05 21:00:00,Failed,admin,172.20.14.5,33602
2025-07-10 19:00:00,Failed,test2,104.234.53.52,14165
2025-07-04 22:00:00,Failed,test,172.20.14.5,21823
2025-07-10 11:00:00,Accepted,guest,162.155.113.54,50714
2025-07-09 19:00:00,Failed,test2,8.8.8.8,55027
2025-07-07 03:00:00,Failed,guest,10.3.3.3,10911
2025-07-04 14:00:00,Failed,test,170.205.31.167,9477
2025-07-09 04:00:00,Failed,user,141.98.11.222,47920
2025-07-10 15:00:00,Failed,admin,71.6.146.185,38121
2025-07-05 02:00:00,Failed,test,10.3.3.3,13842
2025-07-10 16:00:00,Accepted,guest,172.16.250.10,24772
2025-07-10 05:00:00,Accepted,guest,104.234.53.52,53364
2025-07-05 10:00:00,Failed,ubuntu,10.45.67.89,52293
2025-07-04 17:00:00,Failed,root,170.205.31.167,12164
2025-07-05 15:00:00,Accepted,ubuntu,37.221.66.42,16959
2025-07-07 13:00:00,Accepted,admin,104.234.53.52,30599
2025-07-05 05:00:00,Failed,ubuntu,141.98.11.222,13500
2025-07-06 13:00:00,Failed,test2,10.255.0.1,55963
2025-07-04 11:00:00,Failed,admin,170.205.31.167,19881
2025-07-05 02:00:00,Failed,test2,10.8.1.230,41867
2025-07-05 00:00:00,Failed,ubuntu,165.232.174.130,21927
2025-07-04 11:00:00,Failed,guest,170.205.31.167,50168
2025-07-05 12:00:00,Failed,ubuntu,10.45.67.89,25368
2025-07-04 18:00:00,Failed,root,172.29.100.100,23385
2025-07-09 20:00:00,Failed,user,104.234.53.52,16866
2025-07-04 00:00:00,Accepted,guest,172.20.14.5,14583
2025-07-07 10:00:00,Failed,root,104.234.53.52,14822
2025-07-05 16:00:00,Failed,test2,66.240.205.34,58839
2025-07-07 22:00:00,Failed,ubuntu,172.16.250.10,12648
2025-07-09 13:00:00,Accepted,user,141.98.11.222,9173
2025-07-10 18:00:00,Failed,guest,172.20.14.5,50918
2025-07-10 21:00:00,Failed,test,172.31.200.99,13774
2025-07-06 15:00:00,Failed,ubuntu,17.241.75.208,26430
2025-07-08 17:00:00,Failed,test,104.234.53.52,32192
2025-07-10 20:00:00,Accepted,root,141.98.11.222,54017
2025-07-05 14:00:00,Accepted,root,172.16.250.10,18297
2025-07-10 23:00:00,Failed,guest,8.8.8.8,40036
2025-07-10 21:00:00,Failed,admin,141.98.11.222,37665
2025-07-04 17:00:00,Failed,guest,141.98.11.222,46995
2025-07-06 23:00:00,Failed,ubuntu,1.1.1.1,25729
2025-07-05 04:00:00,Failed,admin,10.10.10.10,53723
2025-07-04 03:00:00,Accepted,guest,17.241.75.208,32317
2025-07-06 00:00:00,Failed,admin,10.10.10.10,57928
2025-07-05 18:00:00,Failed,test2,10.255.0.1,53906
2025-07-07 10:00:00,Accepted,user,66.240.205.34,22952
2025-07-07 07:00:00,Failed,test,10.45.67.89,38031
2025-07-10 04:00:00,Accepted,root,8.8.8.8,25528
2025-07-04 00:00:00,Failed,root,172.31.200.99,59646
2025-07-04 21:00:00,Failed,guest,10.45.67.89,29332
2025-07-07 07:00:00,Failed,user,8.8.8.8,38011
2025-07-07 18:00:00,Failed,guest,172.29.100.100,46990
2025-07-10 09:00:00,Failed,test2,10.255.0.1,59756
2025-07-07 06:00:00,Failed,admin,141.98.11.222,50848
2025-07-09 08:00:00,Failed,test,172.19.12.42,40964
2025-07-05 00:00:00,Failed,root,10.255.0.1,36234
2025-07-09 07:00:00,Failed,user,10.3.3.3,33382
2025-07-08 14:00:00,Failed,admin,66.240.205.34,29056
2025-07-09 12:00:00,Failed,test2,66.240.205.34,59304
2025-07-08 19:00:00,Accepted,admin,10.10.10.10,52626
2025-07-10 23:00:00,Failed,test2,172.20.14.5,1308
2025-07-10 22:00:00,Accepted,guest,162.155.113.54,22053
2025-07-08 21:00:00,Failed,guest,1.1.1.1,19597
2025-07-10 00:00:00,Accepted,test2,93.174.95.106,28362
2025-07-10 19:00:00,Failed,ubuntu,10.255.0.1,2402
2025-07-07 14:00:00,Failed,user,141.98.11.222,9599
2025-07-08 12:00:00,Failed,test,8.8.8.8,54296
2025-07-05 15:00:00,Failed,test,172.16.250.10,49067
2025-07-08 15:00:00,Failed,test2,172.31.200.99,23308
2025-07-05 10:00:00,Failed,ubuntu,104.234.53.52,24581
